filename,vehicle
10_mp4-21_jpg.rf.2f83a767b2ec746dea551991e6eab9e9.jpg,1
test3_mp4-3_jpg.rf.a8b56d02178701b46263bd5d1eb1b9e2.jpg,1
10_mp4-25_jpg.rf.992a15ec187bae7641a2f696667216f4.jpg,1
test2_mp4-4_jpg.rf.871b44002dae1f4b0f8f59bdde89f38f.jpg,1
6_mp4-11_jpg.rf.3fce0294906ca3b9df6cd0ff899a0697.jpg,1
15_mp4-12_jpg.rf.362fa864f4da4074cda34e4362db2982.jpg,1
6_mp4-15_jpg.rf.70641c3516121d2bf56e005213c1d604.jpg,0
5_mp4-20_jpg.rf.a7bff29f5caac5bf192eb9877d899842.jpg,0
test3_mp4-3_jpg.rf.481f1752e6c7a680e4461bd313468bb7.jpg,1
11_mp4-22_jpg.rf.80b5b320308e558927166957ffb7be0b.jpg,1
7_mp4-1_jpg.rf.905b4e6ed73014990e40dac1b54c5f13.jpg,1
2_mp4-6_jpg.rf.0aebeed4ed7dd5bda22bc92f9a64d015.jpg,0
10_mp4-17_jpg.rf.780f4b7e086691d34e1183bef559e7ff.jpg,1
10_mp4-5_jpg.rf.cf475bd643bc6358fffd9e57891e27e4.jpg,1
2_mp4-8_jpg.rf.7be06a0528a5d6fd080ba1f8a4b34567.jpg,0
11_mp4-12_jpg.rf.5172c7c0050299594c68529837d053f6.jpg,1
test3_mp4-8_jpg.rf.c583c5576d4add6d9e0106d7294d9ab3.jpg,1
10_mp4-28_jpg.rf.efbe0fdaf8f1923216d47094d88afc4f.jpg,1
15_mp4-3_jpg.rf.df73893a212b0cb4c77d5002b8c9719a.jpg,1
7_mp4-23_jpg.rf.ecc3b76d8ad21832be9485b401c8f626.jpg,0
7_mp4-23_jpg.rf.4f07ad03a933630fceb9b9940728f6ef.jpg,0
test_mp4-12_jpg.rf.b4ab6f3958896c5c18987d7ac517e449.jpg,1
10_mp4-3_jpg.rf.b439323ee4979c5c8f47fc9599ea328b.jpg,1
13_mp4-14_jpg.rf.d30b73a83a26cd7a05f3b66e702471dd.jpg,1
14_mp4-4_jpg.rf.6a0760d557dd0ad5fb3d5dc5c3958311.jpg,1
13_mp4-4_jpg.rf.d262b8c3973714b1828a15b1405d80aa.jpg,1
3_mp4-22_jpg.rf.de4ad99c73b89665131d2aafbe4c2078.jpg,1
10_mp4-34_jpg.rf.9cb163cbb39bd414716157d8fdd9a2f7.jpg,1
5_mp4-23_jpg.rf.3024d075afa449fa62bdcfd64c4335bd.jpg,0
11_mp4-23_jpg.rf.ac9afc56fa824adebb8e81dcad5a064a.jpg,1
5_mp4-17_jpg.rf.e13cf37ed3d6d5db789705fe8d688ceb.jpg,0
11_mp4-11_jpg.rf.842cd95abf8d83b11d9b5169163f1d70.jpg,1
10_mp4-27_jpg.rf.b7a167346f9add11e184f334d977d7ba.jpg,1
11_mp4-8_jpg.rf.6c79f2ec9d0d454370177abba64f3762.jpg,1
8_mp4-5_jpg.rf.0408bf447d8b6cee5c85da3c97ac769e.jpg,1
5_mp4-17_jpg.rf.cec36f7e0aeffa93e76c5154962c12e6.jpg,0
5_mp4-2_jpg.rf.bb07f95806388088b132fa9679956589.jpg,0
8_mp4-5_jpg.rf.3f21d09dc3244e7eb5bedc8d01cb42b1.jpg,1
6_mp4-17_jpg.rf.fb20a672d9e3c8e176fd959f25d9c526.jpg,1
7_mp4-3_jpg.rf.fc3cd6c4d53c257a213b1901c1d1e92d.jpg,0
2_mp4-22_jpg.rf.1860ad996ba2f1f9b2862d5b323ad2cf.jpg,1
10_mp4-10_jpg.rf.7f201c10d40a800704445117893a4918.jpg,1
2_mp4-4_jpg.rf.88db391eb038d706c3e6717127aedc14.jpg,0
test3_mp4-6_jpg.rf.0532b1e7a335341a86b8f442f495712a.jpg,1
8_mp4-17_jpg.rf.6bbca381054778ce34f6ed1e00905e57.jpg,0
3_mp4-22_jpg.rf.4086f1c98495a99e49af173a87e1ba32.jpg,1
10_mp4-7_jpg.rf.60a28f35403ab5e55e17a62f5b2f40e7.jpg,1
6_mp4-33_jpg.rf.4f6649722aaec5ad549e62b96a43376c.jpg,0
10_mp4-21_jpg.rf.c0f798f2e3a5f9f2caacb6647db1b29b.jpg,1
11_mp4-1_jpg.rf.9bb46bbd253999a42a7c86dddcc5fd16.jpg,1
11_mp4-21_jpg.rf.00d86cb16277d9565e6ac18da4f3887d.jpg,1
7_mp4-5_jpg.rf.055469a345fa2581e4ca9902c89acc75.jpg,1
test3_mp4-16_jpg.rf.19a7f6f556eb48a06d804d98137f6655.jpg,1
14_mp4-8_jpg.rf.bd3f6ae9c04ab26246343de228e6def7.jpg,0
12_mp4-11_jpg.rf.238200968aa657514536ff1909662270.jpg,1
11_mp4-21_jpg.rf.145bdf67b153f40ebcf57f787313ee9e.jpg,1
test2_mp4-18_jpg.rf.20e893f1bdbac0dc2405da10865d340a.jpg,1
10_mp4-16_jpg.rf.34ed279efcf96f89ccfc3bdc4d0116f5.jpg,1
8_mp4-19_jpg.rf.aefd85a21f3ac823c1a42781a65edd26.jpg,1
8_mp4-29_jpg.rf.964e9172225c21ec0b7f7237ff2f468b.jpg,0
14_mp4-23_jpg.rf.42c5b9335b037583b22c99596dc3b58e.jpg,0
4_mp4-6_jpg.rf.c506e3fe3cc5380c9b9bfb2039943353.jpg,0
test3_mp4-12_jpg.rf.23236b89696a5e381f7e4ed595d84ce9.jpg,1
10_mp4-14_jpg.rf.14ac51ee41bc6ec29d7eaa6abbdcb185.jpg,1
6_mp4-36_jpg.rf.b900dcb7efaf64be6beee37de7c2e66a.jpg,1
7_mp4-10_jpg.rf.f83f8b0e413e65b0182825c4566647e9.jpg,0
11_mp4-14_jpg.rf.a3aeca4cee87c78918983eb9528bd0a1.jpg,1
7_mp4-6_jpg.rf.8dad64e9b89c9e51a8007d254f493b3e.jpg,1
12_mp4-2_jpg.rf.cfb0cda58e3d980a08fb7a03893f37fc.jpg,1
14_mp4-4_jpg.rf.334f1d643920db6b9c1c99468d4f8afd.jpg,1
6_mp4-3_jpg.rf.5e48ceb57658647a9c40300eead17843.jpg,1
10_mp4-36_jpg.rf.644bdad31fab1a4fd30b5b2d3c964745.jpg,1
3_mp4-23_jpg.rf.f529964be8b5e8b4191785e94b59658e.jpg,1
5_mp4-15_jpg.rf.d3f02d8d49a79700e918b8da0e958cc7.jpg,0
11_mp4-16_jpg.rf.7b94351700267bb1336c040c81a68bf4.jpg,1
7_mp4-16_jpg.rf.84aea62e6823b9a88d109cd9312471a5.jpg,1
12_mp4-1_jpg.rf.9582dc3f10fc2c14c77acb1265985287.jpg,1
13_mp4-19_jpg.rf.f05cac3837ec9f0760363052d86493f6.jpg,0
14_mp4-21_jpg.rf.b2b084879e7599a4a82fb92b8db6fe59.jpg,0
6_mp4-32_jpg.rf.2b5dbaf7ce2050907bfb4264449796bc.jpg,0
test3_mp4-14_jpg.rf.14004885e2fc9f489813346658cb147b.jpg,1
13_mp4-7_jpg.rf.e1ad74bf13a707391ec1a26efb3fb826.jpg,1
10_mp4-3_jpg.rf.a39a40c276b1dd6dbc1fddc58e756eb8.jpg,1
3_mp4-3_jpg.rf.b0dd44f43228e4bae3c79fb3d1148ae9.jpg,0
test_mp4-18_jpg.rf.fcbe6557eafc26fb22ea37ef6734c3a1.jpg,1
10_mp4-13_jpg.rf.7abf3e3441b5820d0d647102cbbf4c40.jpg,1
1_mp4-4_jpg.rf.0b47dc9f35a97ed2198bb89160cd74c8.jpg,1
test3_mp4-0_jpg.rf.e42a04c9c8e38836fc8a942f94f81cea.jpg,1
8_mp4-43_jpg.rf.0148bb075b4cd0ba4ea16f700b29c9ad.jpg,1
7_mp4-23_jpg.rf.922948af028bd9198bd462a503e87d42.jpg,0
14_mp4-25_jpg.rf.70e8f55be473cc6d8e5e2063f7739a5e.jpg,1
6_mp4-33_jpg.rf.9c55468fde4430c95caa15053cfee56c.jpg,1
4_mp4-7_jpg.rf.d47b7a9a96226250c72819058e9a2541.jpg,1
7_mp4-10_jpg.rf.99d963cdc1dc5036dd9d14142fd6a7c1.jpg,0
test_mp4-17_jpg.rf.fc0e5d05855d4e9a076ffc9ed4b382ba.jpg,1
5_mp4-1_jpg.rf.c4f24a9cb1104fbd8613e44a5d5a7a41.jpg,0
8_mp4-19_jpg.rf.d64b0cded30928c3c1d8d68cb6542faa.jpg,1
8_mp4-21_jpg.rf.cbeae4efdeafb0465829871e4e3e8480.jpg,0
12_mp4-2_jpg.rf.4ce1ef99e46dcc1315ed3e9eabc6ef5e.jpg,1
11_mp4-20_jpg.rf.491d6a01ae71a21773b3e31164b7447f.jpg,1
8_mp4-30_jpg.rf.7b4f7dc6247de72d3b97d17c9a7e4f69.jpg,1
4_mp4-11_jpg.rf.a076ca96d69d148ba677f27ee8605bc2.jpg,0
14_mp4-0_jpg.rf.45b86ad4b938e3abaeecedc7560aeb26.jpg,1
3_mp4-6_jpg.rf.eb05a53b7c3dd48407feee62133e7120.jpg,1
1_mp4-4_jpg.rf.df67ab03a33b85bc1db6f8e7b774a25d.jpg,1
2_mp4-0_jpg.rf.0333176f98bef770eb446ae803c9b9df.jpg,0
10_mp4-17_jpg.rf.0792b6d4518bca140176f2ad4d4f905f.jpg,1
15_mp4-8_jpg.rf.5c8dcf25780550b5f05c3462252485c2.jpg,1
7_mp4-7_jpg.rf.fb217461221b5e5ec8d07a37208e8588.jpg,0
12_mp4-7_jpg.rf.a41def32d9302dc7b087a661d73bbdf4.jpg,0
test2_mp4-4_jpg.rf.08d7a194fc0012c3c5820ad0ce938d53.jpg,1
8_mp4-23_jpg.rf.cea36461082f120917dc690c328d94e9.jpg,0
11_mp4-20_jpg.rf.1312625a4c33e97004f1849f3ef314a8.jpg,1
5_mp4-14_jpg.rf.ed81d476aa9eef55dff9aeae17f15aac.jpg,0
8_mp4-27_jpg.rf.1a5b75b678093b8839e46d3702aeeb22.jpg,1
test3_mp4-1_jpg.rf.4e12fdea1c29b5c39ff1c69dc6f4e546.jpg,1
13_mp4-2_jpg.rf.78eaf02c6b4edccead0181726f2bebcb.jpg,1
12_mp4-12_jpg.rf.b9aca27dd50e7c2dea9cac1be098d114.jpg,1
test_mp4-12_jpg.rf.cc8982ec88a2da12e649eda79bc1882e.jpg,1
14_mp4-6_jpg.rf.cf283c33cfddf8ebcd27132376315194.jpg,1
7_mp4-8_jpg.rf.e206a73839e1a35468cd0ad2a58b29fe.jpg,0
11_mp4-29_jpg.rf.116a41cda368136c2afe3b7f432552c3.jpg,1
10_mp4-15_jpg.rf.fa100d087d2060c6a5582583cdcc6aa5.jpg,1
5_mp4-22_jpg.rf.867ae49f4f176b236a36cb56158a6095.jpg,0
6_mp4-33_jpg.rf.761f666afa4afc0c2ab98f07fff4c3da.jpg,0
7_mp4-19_jpg.rf.6016f81b73ac24ff182d6ccdce466f12.jpg,0
6_mp4-39_jpg.rf.a0398fa489c498374045248ac04f0148.jpg,0
test3_mp4-5_jpg.rf.e1cf5015bc5d9a9558f152eca6ec14c9.jpg,1
4_mp4-4_jpg.rf.a3225a92c5dc98e24b29d02bd8ff2443.jpg,0
7_mp4-23_jpg.rf.25f7f925b8e667727af053407a80ef7b.jpg,0
2_mp4-15_jpg.rf.404abe16821a9c6ae040077017054338.jpg,0
7_mp4-13_jpg.rf.e333aabc48575bda85ad6c21618edd39.jpg,0
10_mp4-36_jpg.rf.c4f9993b11d482ddec2967fe07fcfb16.jpg,1
11_mp4-14_jpg.rf.2702bf2ef7d0dc00870bfdc55ced701f.jpg,1
12_mp4-11_jpg.rf.f23fcb4041d0232fc23efe9a424eeda5.jpg,1
6_mp4-39_jpg.rf.898e6e4e7cd2843804771b5b2528e3c4.jpg,0
13_mp4-6_jpg.rf.27a0ca9a6c130e515c1c9655b9b255bb.jpg,1
6_mp4-36_jpg.rf.bf8b62d910de826aef23fe8178edc26e.jpg,1
14_mp4-23_jpg.rf.acda32657c7af6662c832524354e4229.jpg,0
7_mp4-7_jpg.rf.aaab0465ea40cf032c324cd66715c5d2.jpg,0
10_mp4-28_jpg.rf.7e1e6135d899389df3b614d7bad959c9.jpg,1
6_mp4-17_jpg.rf.75dc9e9c9f8eaa974958cbe2d7621536.jpg,1
3_mp4-15_jpg.rf.93782ff7161ff7a72603c5ff8a2d6cd6.jpg,1
15_mp4-3_jpg.rf.7957514696a8d4273109709f550a900c.jpg,1
10_mp4-13_jpg.rf.6f42cad2684aae738a56b8c8a2ef1541.jpg,1
13_mp4-2_jpg.rf.fd43b0bccba6d08ad067dcfb12e0b4d9.jpg,1
6_mp4-11_jpg.rf.8bb386d32a9a5249b46c85b2746c00ff.jpg,1
1_mp4-9_jpg.rf.bae16629724fa4e8669d17a23213dc37.jpg,0
6_mp4-30_jpg.rf.079e6160d51e7ef1f95db51014655ef3.jpg,1
4_mp4-4_jpg.rf.add310f7a744bdb3210a5aa8bc7f756a.jpg,0
7_mp4-1_jpg.rf.9d8f0950866c7bcc7c4b7f869b5cfce3.jpg,1
7_mp4-21_jpg.rf.cd209fe6722fb66592989eb48a4f73f9.jpg,1
14_mp4-16_jpg.rf.0369bffa9a984b9f1dac25912b6e1e99.jpg,0
6_mp4-11_jpg.rf.e6e897ea1e154af61052515338896307.jpg,1
13_mp4-19_jpg.rf.2b9e52f3c4f1ea9119177050a87cd5c7.jpg,0
6_mp4-15_jpg.rf.0d10c7a4c64aabab71d54260601cdca3.jpg,0
10_mp4-34_jpg.rf.d2eeef7b98476128c00731e5cb916e3e.jpg,1
14_mp4-29_jpg.rf.35611fb72f50fcdcc9d20a47e4277afe.jpg,0
10_mp4-27_jpg.rf.f1f42d3057e2b6de8769d131d146d162.jpg,1
8_mp4-27_jpg.rf.b563b3d32488ffc2110d59cd487d47ea.jpg,1
test_mp4-14_jpg.rf.026dabfa75b20676034b7392d3be9483.jpg,1
10_mp4-15_jpg.rf.b2590de6b9d0a806b484d792499ff646.jpg,1
11_mp4-8_jpg.rf.018977aa1903cb4572b02f6d03cb8101.jpg,1
4_mp4-3_jpg.rf.311619a3b5c366b4aa308c3d304231be.jpg,0
test2_mp4-15_jpg.rf.5be58de58e72b3542903870ebd48d3a6.jpg,1
13_mp4-6_jpg.rf.3b30f069c741cf5e31a2931d93a6f3d8.jpg,1
11_mp4-22_jpg.rf.6671a7aae8275598ddb6ec0d7b24e819.jpg,1
7_mp4-1_jpg.rf.24810bc9ddb4b387d8e84efaa9dc9822.jpg,1
10_mp4-7_jpg.rf.55edf0803c2f25c7c509342c7596ab14.jpg,1
10_mp4-17_jpg.rf.7fb6acc57f2d1046e0f49707783041a9.jpg,1
test3_mp4-16_jpg.rf.bd5227b18755cb9ec4b08e76801efb6a.jpg,1
13_mp4-11_jpg.rf.095754b31a8ed9b5fe3ece7b2b8a8b8d.jpg,1
2_mp4-0_jpg.rf.32c6e3d5e231d6397461f6c351cee80a.jpg,0
15_mp4-12_jpg.rf.120c41e71642a475561ee5ccc81b361d.jpg,1
14_mp4-16_jpg.rf.9306ce85e4692dd8bdd68a58e368ab5b.jpg,0
6_mp4-38_jpg.rf.917328d1556d1048b407aabbf4a3246c.jpg,0
10_mp4-32_jpg.rf.de7e06633ccde7459bafd48c0324133c.jpg,1
16_mp4-1_jpg.rf.584d9a5f866fbe470eae22d33f01c8d7.jpg,1
10_mp4-8_jpg.rf.3d67f1a927087bc08f025530077c93e9.jpg,1
5_mp4-7_jpg.rf.b5ada428724befa1a071416e5038c963.jpg,0
6_mp4-38_jpg.rf.f6842955adadefc1f6328d5cfb2e0e04.jpg,0
8_mp4-0_jpg.rf.54d57dbb28fe052aebc8e63e8af1b614.jpg,1
14_mp4-6_jpg.rf.92696c349fc43ee9644139cebca7c40f.jpg,1
5_mp4-23_jpg.rf.9174298e1998958b22b0763b04c889d6.jpg,0
4_mp4-8_jpg.rf.b56410eefc4f253e9306252d2b4e8641.jpg,1
6_mp4-16_jpg.rf.b15c89e813a1358aed1cba38475aeeb6.jpg,0
13_mp4-2_jpg.rf.2b679b5b286fa6d1071851e8cd010aae.jpg,1
test3_mp4-5_jpg.rf.3d43409fc1a8e5526a7db76e4d29d649.jpg,1
10_mp4-5_jpg.rf.c37d6f62195d24846618cafcfc8f6765.jpg,1
10_mp4-19_jpg.rf.530de710c839b6171bd1c6f87467edce.jpg,1
1_mp4-6_jpg.rf.27744ffe255f0b54d3c348cd86fa4da9.jpg,1
test3_mp4-10_jpg.rf.96746a6fe388d6026d15bf5cd792dec4.jpg,1
14_mp4-8_jpg.rf.84f9f3b415fbd78c48e2dad280eb4a18.jpg,0
4_mp4-1_jpg.rf.ba9c5c83c1f2b313376b321eb1eadfa7.jpg,1
test3_mp4-11_jpg.rf.9840025f064263cbf610fac3e2f0d17e.jpg,1
10_mp4-47_jpg.rf.a04f096ad19fea8b1bcea0ed8a732c10.jpg,1
8_mp4-41_jpg.rf.e19463f0c2cfccb4c10808a3951b0399.jpg,1
8_mp4-46_jpg.rf.1e53ce1a14b1eb49be3f0b21b20bd396.jpg,1
13_mp4-6_jpg.rf.1cc8b33fad91d45cc664596181be5ebd.jpg,1
2_mp4-15_jpg.rf.39221cb5c32a616b7405ccff2b5af935.jpg,0
5_mp4-1_jpg.rf.b70b1b02c2c161f3446ce081aea8d1aa.jpg,0
8_mp4-11_jpg.rf.482d9ce741275b0af8557338809728af.jpg,0
8_mp4-5_jpg.rf.ab20a103c0014ebf8fa750f516253c9f.jpg,1
2_mp4-7_jpg.rf.4faa5146be7873b1902d7ac3cde855e1.jpg,0
13_mp4-2_jpg.rf.3bb362b77ad535e92c6a6a2bd8322472.jpg,1
15_mp4-13_jpg.rf.ed2c76f933a84c3a4d260844ed48ca64.jpg,1
12_mp4-22_jpg.rf.92bddc3b40de97991a986ef68f80d2c8.jpg,0
test3_mp4-12_jpg.rf.5ce543442e875a3bb7ddf8c936984fe5.jpg,1
4_mp4-11_jpg.rf.84191e24ed5b767edb530c038fb937f2.jpg,0
10_mp4-9_jpg.rf.ffd2d56ee5562766d6881c7139dc4575.jpg,1
3_mp4-15_jpg.rf.24d601b9f02f223c3add1f894044d4d1.jpg,1
2_mp4-8_jpg.rf.543873caaf55fba8326575d81b97040d.jpg,0
10_mp4-7_jpg.rf.15afa85ead2a1a606dafee60ef70db4a.jpg,1
12_mp4-25_jpg.rf.0bffcdff6775c681ee2034dae6f33eac.jpg,0
7_mp4-10_jpg.rf.3fa0e1486bdda927c650bdd2f2662cd5.jpg,0
6_mp4-33_jpg.rf.710d2c4b3a0be57026891450e44dbc49.jpg,1
test_mp4-17_jpg.rf.3664aa9d1124bdaac679ab909370cf55.jpg,1
1_mp4-6_jpg.rf.b29fc4042a4f0f1d1129b6c716d1ecab.jpg,1
5_mp4-14_jpg.rf.8115fb56afba3f456f1af5507b8ef9c6.jpg,0
8_mp4-7_jpg.rf.082c577094f8110383c6945bd8ec8e65.jpg,1
5_mp4-2_jpg.rf.1c3092bf5d8044b4b53c48701b76ae3c.jpg,0
test2_mp4-20_jpg.rf.bbabe648bdb0b85588a97e791715d7e1.jpg,1
14_mp4-11_jpg.rf.4f380f380f8c5595ddba2e39b297e2e0.jpg,0
test3_mp4-5_jpg.rf.ca7d3b94e6cdb272a928f128bdc31459.jpg,1
test3_mp4-6_jpg.rf.d30b86b14a72dd1a87729eefc3789b82.jpg,1
8_mp4-0_jpg.rf.c40a064fbb96f6429e66e2c14f24eafb.jpg,1
7_mp4-10_jpg.rf.9e1b97a87c0baf0fd0d72da8866de71d.jpg,0
10_mp4-36_jpg.rf.b225bef5779ff329a9837d69aeb8c7af.jpg,1
12_mp4-7_jpg.rf.14a07b5f7f2f10a818040ae903985eca.jpg,0
8_mp4-13_jpg.rf.7bf40a4757a56c152ebfdb0849d5147f.jpg,1
6_mp4-25_jpg.rf.eb9d71050096bc8b557a8f1ee0523baf.jpg,0
8_mp4-5_jpg.rf.021508b27815b13b93791c72e1f01bda.jpg,1
test_mp4-17_jpg.rf.f149e7e3db359877942ad86129fd03ff.jpg,1
test3_mp4-1_jpg.rf.2c16cd75bc79396fdb950cb19261bb7d.jpg,1
12_mp4-22_jpg.rf.3605c0da1f100a99140016c99550948c.jpg,0
8_mp4-38_jpg.rf.7886809a63ef87595e6a7a2b4de54098.jpg,1
test3_mp4-0_jpg.rf.6f5cea8c3cb8d23b62cbc6f8e461765c.jpg,1
12_mp4-0_jpg.rf.87fdb14da9a20228fc9b40db9eb254e2.jpg,1
11_mp4-3_jpg.rf.2ae4d1998fa81454e85220b44bb316b2.jpg,1
10_mp4-35_jpg.rf.6f0a3715fc20d793586230e417253ad1.jpg,1
10_mp4-45_jpg.rf.9bd43a14feba50f5fe89fcbc5701cbfa.jpg,1
8_mp4-41_jpg.rf.f65eb89e44a7299572d1f5acb55cda51.jpg,1
11_mp4-30_jpg.rf.6a86c339ab39d60b3acfb53d89a99222.jpg,1
11_mp4-30_jpg.rf.4398f213b4dfd7327d8bac0a14170f9a.jpg,1
7_mp4-16_jpg.rf.fea1ff6f77df7eac35b83a763ea236cb.jpg,1
11_mp4-14_jpg.rf.88bb250ba6a9e6815ad9986a29cba16f.jpg,1
4_mp4-6_jpg.rf.1b8c005e215155ee39b62667e17a3fbb.jpg,0
11_mp4-16_jpg.rf.d01bfa68e4e8154cf5ec435832176204.jpg,1
12_mp4-26_jpg.rf.f2b7615514fd3fd3ee308940b4bccced.jpg,0
1_mp4-5_jpg.rf.431d06aa081ca7d26b8c89784f891ded.jpg,0
13_mp4-17_jpg.rf.12dde6106b410e78bfe05cf202ae55df.jpg,1
8_mp4-17_jpg.rf.f5b178102581fcc14a586b37d7b1f0ae.jpg,0
7_mp4-6_jpg.rf.bfcf88b85aeb1756959234606e71ce8b.jpg,1
10_mp4-32_jpg.rf.c19ec5123a368528389450d786646a8a.jpg,1
11_mp4-20_jpg.rf.c03b33c8aa7ad1294d65b8fda7195f00.jpg,1
7_mp4-3_jpg.rf.d2b56759c7c2cc1c1f89b5377de6e24b.jpg,0
6_mp4-18_jpg.rf.859a47889110595a462ba69b45f35c8f.jpg,0
6_mp4-16_jpg.rf.0ce0d4108d0241991862f67cd3ae41b1.jpg,0
10_mp4-5_jpg.rf.1190526dcf1f058fe64802fb09a1dc68.jpg,1
10_mp4-4_jpg.rf.2f53ad8ba1a6bbdf24175df5d94204f6.jpg,1
14_mp4-10_jpg.rf.63d58c1a7606f34eb69b3446f7bb0414.jpg,1
16_mp4-1_jpg.rf.137a4af5d244f7066dce964323f794e5.jpg,1
6_mp4-8_jpg.rf.f357c1dc75e0127976a3eb1f5411321b.jpg,1
6_mp4-25_jpg.rf.78089d3c094e6571e1744fb7a41d7322.jpg,0
10_mp4-8_jpg.rf.986b6e7d166df6f6642cabcd269bc722.jpg,1
12_mp4-31_jpg.rf.e94d8e02c2ad8edfb08d94b5747ab7a9.jpg,1
7_mp4-1_jpg.rf.00195d65160b3a9e1c43e08f82340f8a.jpg,1
8_mp4-11_jpg.rf.4f1b8137d1adaac21e981272ebd3f532.jpg,0
14_mp4-0_jpg.rf.c612c98c4c020f43e3b12a4dee4fc655.jpg,1
5_mp4-15_jpg.rf.f8b1039e18122f08068f46d4bb9b4c76.jpg,0
2_mp4-0_jpg.rf.42c497f9786ec961ec278e6d18c93980.jpg,0
11_mp4-2_jpg.rf.080ff9376d600277bdab1168cbaeb40e.jpg,1
5_mp4-29_jpg.rf.a135a791e4a179d4579aa9b838969d48.jpg,1
test2_mp4-14_jpg.rf.beab2322b6f20ae6157fa8b66ffa89e8.jpg,1
3_mp4-21_jpg.rf.920ccc5f3441a2cf20f649b66d028779.jpg,1
12_mp4-2_jpg.rf.b1fd685d35b83d4e7896965d853ce996.jpg,1
8_mp4-43_jpg.rf.4c899fe1b0926c4d3d67ff084c78c5f6.jpg,1
10_mp4-13_jpg.rf.f6ef0a34f7f09e21b14068fdc7640f4f.jpg,1
3_mp4-3_jpg.rf.00cb7f62ff4f859a53c5bf7ac4d62683.jpg,0
4_mp4-6_jpg.rf.b995c716d9f20838c5f7882df45bb1f3.jpg,0
13_mp4-14_jpg.rf.ba174b5e9dc5ea7e12a5a334863420b7.jpg,0
6_mp4-9_jpg.rf.d06f7be2cebd912e89882ae68ccb0298.jpg,0
14_mp4-29_jpg.rf.70ca4206c4286981f5a1ff89cdc6f9b3.jpg,0
13_mp4-3_jpg.rf.28fb1e4533aa03fcb93efca06bdb00de.jpg,1
11_mp4-10_jpg.rf.e7f54207a2ad1fd9fd7f1ab135bbe691.jpg,1
8_mp4-44_jpg.rf.40d47e6592b6d358b84ea71a0c14ac24.jpg,1
test_mp4-18_jpg.rf.2e653db733f888b83e865e431dc7af39.jpg,1
4_mp4-11_jpg.rf.3cf268dd586d04e5062ae69e7118a18b.jpg,0
1_mp4-5_jpg.rf.f5e3dee73757d14a303f3c2e1c5962b5.jpg,0
12_mp4-31_jpg.rf.444f687258d55a584eb86a0dfd264336.jpg,1
8_mp4-33_jpg.rf.13253ebb57da6c55637354d5e603e4b6.jpg,1
test3_mp4-8_jpg.rf.116d0ab51780267dfd0acbffef87e1e8.jpg,1
10_mp4-45_jpg.rf.928b5ab5304f93cecce0fca9f8e55431.jpg,1
11_mp4-11_jpg.rf.e649c54a310ac876c5474b7ae70c2d5b.jpg,1
10_mp4-6_jpg.rf.666ba2894cfc7ce2dc062329385d95e0.jpg,1
14_mp4-17_jpg.rf.50e455c619a9473c7ac900b466471103.jpg,1
6_mp4-30_jpg.rf.8c70e1c6f2e2669b2f10d7f157583394.jpg,1
15_mp4-3_jpg.rf.8c511d26b0c1bde82e5707fc4d065840.jpg,1
8_mp4-38_jpg.rf.a6dd320f5abb134499c2213424ed95b5.jpg,1
4_mp4-7_jpg.rf.f5e0f5ebf2d9d82930d24ff2e8a7d6ae.jpg,1
10_mp4-3_jpg.rf.cdbd70e31daf6b4316c0005552c74c54.jpg,1
10_mp4-36_jpg.rf.9457643c28e370790604e1442e597007.jpg,1
11_mp4-16_jpg.rf.71fcf6545276d73238f0a3138d14b6d1.jpg,1
14_mp4-21_jpg.rf.d5e9aa66019e668c86aa931f7ee02e87.jpg,0
15_mp4-12_jpg.rf.1f45980d7357da3c3052ef6cac9d9055.jpg,1
10_mp4-10_jpg.rf.a0a22ebedb7ef5578e5a1c576429ceb0.jpg,1
test3_mp4-16_jpg.rf.606bcec48364b41953cb720419cfdaf9.jpg,1
12_mp4-6_jpg.rf.ec7ba926bb0d562159871e23f84d084c.jpg,0
6_mp4-5_jpg.rf.63c692786fc412226fd87e08c711c172.jpg,0
14_mp4-1_jpg.rf.eb6b19b3a566a12cd6389af212c37ae9.jpg,1
test3_mp4-11_jpg.rf.d0142cd21579fe785e334563f9c83132.jpg,1
10_mp4-6_jpg.rf.90ae7902279136ff0e506f802a2d1289.jpg,1
14_mp4-16_jpg.rf.ab1e24219959cd2471a69b91e54d1a33.jpg,0
12_mp4-26_jpg.rf.3a2ba9cd9c13158ae16692199064961e.jpg,0
test_mp4-13_jpg.rf.fb307cb491144ec2edf8d0286fa30c06.jpg,1
5_mp4-26_jpg.rf.aa645b66df2213f187a855f9e6445040.jpg,1
3_mp4-23_jpg.rf.9f63e186013e7e686d89bc29deb94f44.jpg,1
7_mp4-3_jpg.rf.0e46a6b98c40aabf1be912fc864c18bf.jpg,0
11_mp4-14_jpg.rf.1908715b8df577a577e7d8d5802fba72.jpg,1
10_mp4-9_jpg.rf.e845e321948ba298f763077a92eaf121.jpg,1
5_mp4-7_jpg.rf.30bb7d725fec0652edcdedf07aa5eaed.jpg,0
test_mp4-16_jpg.rf.ec88e8f52725422f7a6f9965009eac2c.jpg,1
test_mp4-18_jpg.rf.83cb2ae49044391d034e7aa678789488.jpg,1
7_mp4-21_jpg.rf.69616d7e234aeb586c58c1ae9c59130e.jpg,1
12_mp4-31_jpg.rf.272d6b8583638db22d1b873291fcb026.jpg,1
1_mp4-9_jpg.rf.9e3881a2f81feb214f6cbda3fffe16f5.jpg,0
12_mp4-6_jpg.rf.1e85cfe146d781dae50e4dbf74594879.jpg,0
15_mp4-3_jpg.rf.719be122e6c670f0342d1fbc124fd698.jpg,1
13_mp4-11_jpg.rf.0057b8a082542b820f08cdcee60c7782.jpg,1
10_mp4-3_jpg.rf.7ae3668499eed8429f05714a5b3456d4.jpg,1
13_mp4-14_jpg.rf.17564ca65a11d85d718dd045b451a16e.jpg,0
4_mp4-3_jpg.rf.67281eb80073577ef9f095bdd30aafd6.jpg,0
12_mp4-20_jpg.rf.1e3f035a2c2a4929f0e0af76cd28587e.jpg,0
12_mp4-20_jpg.rf.20123b0dafe5bc44b79321d5f1eca3f9.jpg,0
8_mp4-10_jpg.rf.021f0bd85b4397fd4b37bb1e5cd64b75.jpg,0
12_mp4-22_jpg.rf.ad878b10274af2bd0c5266dd6c509e21.jpg,0
12_mp4-6_jpg.rf.7c06d591002b72ecedf104cc7639ef0e.jpg,0
14_mp4-8_jpg.rf.7b3bfc07c178f20675f2e6559ff435f1.jpg,0
8_mp4-33_jpg.rf.69cc8f9e51b1822aeb395f12abd1a935.jpg,1
11_mp4-3_jpg.rf.9fc092af5c34002ef4abd76991818d8a.jpg,1
test3_mp4-10_jpg.rf.ae9b6bb8727a05e3e38a8a558622b858.jpg,1
1_mp4-6_jpg.rf.d1d2152ea7b88c0a6f3995e427e08f69.jpg,1
10_mp4-16_jpg.rf.66f9605b84a9b6827da34513cda0c74a.jpg,1
8_mp4-21_jpg.rf.500441565e0582b151b149d6da2256fa.jpg,0
7_mp4-23_jpg.rf.106b03c63ffd745852ba805395e609a9.jpg,0
15_mp4-13_jpg.rf.15c48961af851da495698cfd16914d8b.jpg,1
10_mp4-3_jpg.rf.f852a80076493b11bb7d85419b79f9f2.jpg,1
12_mp4-12_jpg.rf.d28891c9dd2ee294f4d46ae229b06a49.jpg,1
test_mp4-9_jpg.rf.1dab1005f0cc2a4459b6e7aa2395a402.jpg,1
2_mp4-6_jpg.rf.7fcaf0808c3a29160cb273d9c2d2412f.jpg,0
13_mp4-14_jpg.rf.4982a226a621a2012054a8c0ec230b72.jpg,1
6_mp4-39_jpg.rf.61d2740eb46cdb62b7792e35dfd251ef.jpg,0
test2_mp4-20_jpg.rf.22aa1e5a8eb6765f49d4c040d416ac6d.jpg,1
1_mp4-4_jpg.rf.61110495fc5493c6c6adbaa5629a817d.jpg,1
13_mp4-11_jpg.rf.0255d72723c0f4cf165675ef45a426cf.jpg,1
2_mp4-22_jpg.rf.13caf11670aef927addb978619349ea4.jpg,1
12_mp4-4_jpg.rf.61a92eb5a98e8157c030388774c14a41.jpg,0
7_mp4-19_jpg.rf.3fa70211e436eb6ec1060c7c288e002a.jpg,0
7_mp4-8_jpg.rf.249e0736f4a1ede1357d729c76d7fdef.jpg,0
7_mp4-1_jpg.rf.e9c667996e46c721f3443fd68c9c6109.jpg,1
3_mp4-23_jpg.rf.0f7a015e04b0bd5b88aee678c806b7a0.jpg,1
8_mp4-5_jpg.rf.719e933b87b972a65847011da8c45e6c.jpg,1
2_mp4-23_jpg.rf.154d5edaaa381c43ed39f02ec8cdef17.jpg,0
5_mp4-26_jpg.rf.19bf42159ac1091d9bfbe6368bae7e41.jpg,1
5_mp4-24_jpg.rf.2ea3cc50c98d82a3f73057353a40e4c2.jpg,0
test2_mp4-15_jpg.rf.7baf0f2e057c8f1ca38185d8fa966e15.jpg,1
11_mp4-4_jpg.rf.8321b111f6d94b3417c44ff899b14b75.jpg,0
6_mp4-33_jpg.rf.6c3754204d059981a11f60c2617f8fa2.jpg,1
10_mp4-7_jpg.rf.f93881a371de2847c7950a3af60cac18.jpg,1
8_mp4-27_jpg.rf.0082f9f3c1a497f97343f269609e09a6.jpg,1
12_mp4-26_jpg.rf.0086f80fd212479e68e34d49864e7b96.jpg,0
14_mp4-29_jpg.rf.6322ce52d9eb251a6b5136545f9a6454.jpg,0
6_mp4-9_jpg.rf.05f871c2761be4376c9006c6d6361b1b.jpg,0
8_mp4-19_jpg.rf.0c8ec99b1e3b023bf02dbba16bc6a7a9.jpg,1
test2_mp4-14_jpg.rf.c12b9a1f5996f04bb8bbceb6c1e3b2cc.jpg,1
6_mp4-13_jpg.rf.b10951a44df71fc458c516300d8a5e57.jpg,0
3_mp4-6_jpg.rf.af9de40ed098614fe804d38ddee44bf8.jpg,1
13_mp4-6_jpg.rf.b64b118497a89e8c188f4dbd9d5ed034.jpg,1
4_mp4-7_jpg.rf.459f80684bc45d88e9b9c61f46a5f305.jpg,1
14_mp4-0_jpg.rf.be5632b0876c217ca409c9058e9b7293.jpg,1
5_mp4-1_jpg.rf.de1a53d03e8d3e192b2a70c83db8a0c3.jpg,0
2_mp4-7_jpg.rf.69fee0c6d4f6a23411c9a15deb8e9e37.jpg,0
test_mp4-14_jpg.rf.61e8055c4661c384d158c6eac5b85521.jpg,1
14_mp4-17_jpg.rf.2128797c40a188341a66babde6a4d817.jpg,1
test_mp4-13_jpg.rf.737df206aadcbc0d7031b38e1a8f169b.jpg,1
8_mp4-21_jpg.rf.6769d005886ed3e0587abb493a50fc7b.jpg,0
10_mp4-8_jpg.rf.9d792bcc06c913be5affc7374b589103.jpg,1
4_mp4-4_jpg.rf.263adc83a612f27e8597d52517c12489.jpg,0
14_mp4-11_jpg.rf.47c52be599e973da8e72f7b8a032cd0d.jpg,0
15_mp4-8_jpg.rf.0af4efff0a5a24fb2d5d5281629a7710.jpg,1
13_mp4-4_jpg.rf.3c4788574d2cc74ea858d24dc414ade0.jpg,1
7_mp4-13_jpg.rf.fbd82ffd4c33893e095eef208233c569.jpg,0
4_mp4-3_jpg.rf.eb7a1547ac2c783ea9e3da7788ac04db.jpg,0
12_mp4-25_jpg.rf.319b595a1c30fec8d2b24e395519db50.jpg,0
8_mp4-7_jpg.rf.d2bf35e17f39a9cdb28ded57d5e780e8.jpg,1
4_mp4-1_jpg.rf.83bbe084801bf783ab66b11ec947fb67.jpg,1
6_mp4-9_jpg.rf.36323bc998c6c0fbc00806bef1be07c7.jpg,0
14_mp4-1_jpg.rf.6798084321c953947aac4d4914c26339.jpg,1
6_mp4-26_jpg.rf.d3b86c92c776e0c62b6fb0b4a3ee75d5.jpg,0
10_mp4-35_jpg.rf.f7330956ccf12d1e2039c6ba2922281d.jpg,1
12_mp4-6_jpg.rf.c767319569e35960eee64f81f8cd0409.jpg,0
10_mp4-35_jpg.rf.de1f7cfde5828d2bd983c26554b82e44.jpg,1
5_mp4-22_jpg.rf.522ca68fb1c94f5a9c4cb5b7bc98f8f4.jpg,0
11_mp4-22_jpg.rf.39b17a461b0313368df137872b04cc05.jpg,1
5_mp4-20_jpg.rf.382e4c0c54700f1fba347fac77c0a15c.jpg,0
14_mp4-25_jpg.rf.d374f6f2c5091ada5a55da2e4097ff6d.jpg,1
12_mp4-6_jpg.rf.acb1d5af4fe892600fcbe508532bf58d.jpg,0
10_mp4-47_jpg.rf.5db5c74a1b472ac71580e9343c2a7e02.jpg,1
test3_mp4-8_jpg.rf.e85f93fb1b314c287283c1068fa9a710.jpg,1
4_mp4-3_jpg.rf.c494f7ce43c4bba2ef6e1b5dbb23b471.jpg,0
12_mp4-21_jpg.rf.dc5268e2fdedfb9846423976cea143e8.jpg,0
13_mp4-11_jpg.rf.4f55c6f8cd00bb6261ad4a378edf3900.jpg,1
10_mp4-36_jpg.rf.232d330dd6399d775f4b8c50a82156c9.jpg,1
3_mp4-9_jpg.rf.1777ab7abe4aa11b7e000552477886b5.jpg,1
14_mp4-16_jpg.rf.2bc16cbfb74c0e8ceaa0bfcdf2e8dd59.jpg,0
6_mp4-38_jpg.rf.ac41387403746045ba887931946aa838.jpg,0
12_mp4-10_jpg.rf.90880a26b96fcd4d5eacce15700c9242.jpg,1
10_mp4-10_jpg.rf.6076caec963141664d0e79ff5dec6e1f.jpg,1
6_mp4-3_jpg.rf.beffd28fba17a59148466d7eb17d7574.jpg,1
8_mp4-18_jpg.rf.329c11f4b58491f7b37bda59b778f271.jpg,0
10_mp4-7_jpg.rf.ff55a0168f7d61af39a34444253b9ad9.jpg,1
test_mp4-12_jpg.rf.504bcf43c7781db0411e4ea98511033f.jpg,1
2_mp4-22_jpg.rf.b46869f99cae6af06974ace2a12cbf8d.jpg,1
14_mp4-4_jpg.rf.edb567d1bee193d145516f475ef62b4b.jpg,1
11_mp4-29_jpg.rf.374edc55fa07f18831defea376679044.jpg,1
12_mp4-1_jpg.rf.5f9771c6388982e4cfc5e7f07db99995.jpg,1
8_mp4-30_jpg.rf.f0b5ef9497e2c249d97c22f9f049edf0.jpg,1
8_mp4-7_jpg.rf.941075ad7df99fe46337a57592f1d1f7.jpg,1
7_mp4-5_jpg.rf.71d46dcc6ad6f2191c517a79e59605b7.jpg,1
14_mp4-10_jpg.rf.1f2fce32b14a4975cbfe9523d32386c8.jpg,1
6_mp4-16_jpg.rf.6722c0ae5ea89f6d82c022b55c4eb5fb.jpg,0
6_mp4-26_jpg.rf.8e5d9ba5091cb5f8b1ec3ba8c726f73f.jpg,0
8_mp4-5_jpg.rf.a30da8e3a277b32ca8186dda341d9771.jpg,1
11_mp4-3_jpg.rf.05cb4221e4e25db6d72cdad168d03300.jpg,1
13_mp4-7_jpg.rf.234fe94ef8d11efa20e52299edfc4c51.jpg,1
14_mp4-1_jpg.rf.2132a0ebe0668a0159a9fc628bf9e6e2.jpg,1
10_mp4-15_jpg.rf.413c72192cdad22b85f5771e392e7458.jpg,1
test_mp4-16_jpg.rf.8db06183b98af5495b3cdf7115e68d49.jpg,1
7_mp4-6_jpg.rf.a71d95c72cdff8760eac57af3a0cdbf0.jpg,1
12_mp4-25_jpg.rf.0b43fbed529538f624f3dcf4d6fb1077.jpg,0
12_mp4-7_jpg.rf.e73827c2fb5071bad085e337712152b6.jpg,0
test3_mp4-12_jpg.rf.61007d28ac1054e8c57009ccd50cfb35.jpg,1
8_mp4-23_jpg.rf.0dfe5d79e3e119f25b937f2f01828e44.jpg,0
test3_mp4-14_jpg.rf.ce181d21504d4a4869814ccf38fd7276.jpg,1
11_mp4-20_jpg.rf.5a074f8a46a840de4d54a0546100d391.jpg,1
2_mp4-4_jpg.rf.17da5bd973a253349c9ddbe83e83700e.jpg,0
13_mp4-3_jpg.rf.236b5221b0f978b38ba8a415c234d6cf.jpg,1
2_mp4-2_jpg.rf.6a7aebc721f274da9d618a53597fa9b3.jpg,0
13_mp4-14_jpg.rf.e8c0de44253108263d958304cf065d6a.jpg,0
11_mp4-4_jpg.rf.49bae210325da478b515d457c7db2eb3.jpg,0
3_mp4-16_jpg.rf.c3312ed75badcf7306883544e00d62b0.jpg,1
11_mp4-12_jpg.rf.cb7078b968f4759ae12b6f80faf17851.jpg,1
test3_mp4-10_jpg.rf.2fb7e41d90705882ba460522c1a13a98.jpg,1
4_mp4-6_jpg.rf.33e765f6f8d6e5186870575f5da7afe6.jpg,0
6_mp4-13_jpg.rf.33c346e842d029d6f8fcb67b689fae66.jpg,0
8_mp4-18_jpg.rf.d815b6d27a37e204811537fb2372980e.jpg,0
10_mp4-27_jpg.rf.c7a3adddfa13be216f563d8e2b63e22f.jpg,1
5_mp4-14_jpg.rf.eab021b1dd39535dd82aec5368ed82c9.jpg,0
10_mp4-25_jpg.rf.15d6b5c0828b4353d0ae9fbd2521fd06.jpg,1
test2_mp4-4_jpg.rf.9d72c16c575b1002be1fe7ad166921b0.jpg,1
10_mp4-34_jpg.rf.b81dd37e9869efc1b485e71183a366a0.jpg,1
2_mp4-23_jpg.rf.6744f12195a91e9707e6801d1b52d650.jpg,0
test2_mp4-18_jpg.rf.9311accc9bcf31936d7b3195ff2bf33e.jpg,1
8_mp4-10_jpg.rf.45690ddcc62aedc4efe68a9aa56876b5.jpg,0
2_mp4-23_jpg.rf.37c07232ff4566fb009826c56d429998.jpg,0
test3_mp4-1_jpg.rf.bd08ffb4b4f73cb6225dd9f380ed5d87.jpg,1
12_mp4-10_jpg.rf.1bc41217d87930666ff7bceceafac697.jpg,1
7_mp4-21_jpg.rf.c33d5c11102a2381c39384273a9aba2e.jpg,1
4_mp4-8_jpg.rf.ed6359ff574dc873b133edf7a848f4a4.jpg,1
2_mp4-23_jpg.rf.ae9900a62b27a6abef29c3755368e1d3.jpg,0
1_mp4-5_jpg.rf.e676c1f687e3a576e654912c2fdc87f2.jpg,0
8_mp4-29_jpg.rf.6a47f9267d6558ec046d98bbec28fb38.jpg,0
6_mp4-8_jpg.rf.8b46aaff26d997596a0d77afa028af80.jpg,1
8_mp4-17_jpg.rf.38c7331467af25eb3094e3956c5f4055.jpg,0
8_mp4-46_jpg.rf.72ce790ae8424c95c0785750fcfc0d4f.jpg,1
14_mp4-11_jpg.rf.1a50685cf5a0d431357df9a15a7a0e84.jpg,0
test3_mp4-4_jpg.rf.d22fae13bd7b275c15aebb56f6abe936.jpg,1
13_mp4-3_jpg.rf.7cb54416c00243ae2df1c5c13cf0d121.jpg,1
12_mp4-0_jpg.rf.cbe0f4c540d922a2e72941e98580304a.jpg,1
10_mp4-4_jpg.rf.a41ccdd42245e4c72afa05ec37f1eded.jpg,1
3_mp4-3_jpg.rf.abbfdb9383cf21224e5090333fe5462f.jpg,0
3_mp4-9_jpg.rf.4fc4cfd3b340f7f72aa484445cc9b2eb.jpg,1
5_mp4-24_jpg.rf.dd97eb2a2444dd6cd1e30301088ccc66.jpg,0
2_mp4-4_jpg.rf.b2aa57d76a76c4c61a335003135ff2c8.jpg,0
8_mp4-46_jpg.rf.76ec8947f7b9a1c167b77d619f545451.jpg,1
7_mp4-10_jpg.rf.fe61eada8c09fc0c451516b78f0a28d3.jpg,0
13_mp4-2_jpg.rf.b80aefd3a1f148ddc1a139e63bbf3e76.jpg,1
test3_mp4-4_jpg.rf.724aa7c16be894a7218d1971b2b7024a.jpg,1
12_mp4-10_jpg.rf.46b111ec5fdf47fe69452caa4e750daa.jpg,1
15_mp4-3_jpg.rf.2428594324e23896310b5ca44eca86f0.jpg,1
11_mp4-20_jpg.rf.5ac58bfbff7856126ad569303fbbd0a8.jpg,1
7_mp4-13_jpg.rf.0a3fc815584d343e58c6757d2b8bc0b5.jpg,0
15_mp4-8_jpg.rf.fe051687eda7ccf1c60238ed41e5b1a6.jpg,1
5_mp4-29_jpg.rf.6f37cba3681ada7fef56ea758a2ad88d.jpg,1
1_mp4-10_jpg.rf.bb3990ca471bb2c985c787e7993556bc.jpg,0
2_mp4-23_jpg.rf.eb9eab12b3b65003baa8e5e2ae336b40.jpg,0
4_mp4-6_jpg.rf.820e95ee69382c2ba4c8cccefff907d0.jpg,0
7_mp4-23_jpg.rf.9b9877870375c55667753bffb30a0265.jpg,0
3_mp4-16_jpg.rf.d948df3601189666af93eb378e406ab3.jpg,1
8_mp4-38_jpg.rf.d180190d6ce10cc295d44028646e3e77.jpg,1
15_mp4-13_jpg.rf.209515a53b5a95a9e3042d68a2e55dc0.jpg,1
11_mp4-2_jpg.rf.51a43e4cb76da3e7d3b1835fa54fe773.jpg,1
10_mp4-14_jpg.rf.47c13ca76b89cbd574b71d7e399b3c65.jpg,1
8_mp4-44_jpg.rf.6d53ce53849d0b5f4310144576020914.jpg,1
14_mp4-16_jpg.rf.d50f5d037557680dde1048e7fbe790e2.jpg,0
7_mp4-16_jpg.rf.ab505c461313dd73fe35bf097cc5812d.jpg,1
11_mp4-8_jpg.rf.8761ee60d388b9b7a920ea055c1f68b6.jpg,1
8_mp4-13_jpg.rf.b5f2e75847ba1995f9218190ae73602b.jpg,1
3_mp4-21_jpg.rf.b0a901f459da04f4cb46c2f4d0f12583.jpg,1
11_mp4-1_jpg.rf.5c1e7873f07927ae65ae389178651e2e.jpg,1
3_mp4-15_jpg.rf.0756197aa272fba0965dfc89ff73aa41.jpg,1
14_mp4-6_jpg.rf.1458655bfb59a2196c4525bb54b697b3.jpg,1
13_mp4-6_jpg.rf.e2c4deb99015a58d81036cee65338cc8.jpg,1
2_mp4-8_jpg.rf.c203a581c3c6b7ddbef48e0aedd5ada3.jpg,0
2_mp4-2_jpg.rf.0d87f28b6ca9037bd47eede6e6bf0f15.jpg,0
10_mp4-1_jpg.rf.d628115103b5b4b8aff5f2e6082b6b5c.jpg,1